Date,Description,Amount_Original,Currency,Amount_GBP,Category,Source
2025-08-29,ATM - Azienda Trasporti Milanesi,-1.92,GBP,-1.92,OTHER,Revolut
2025-08-30,Lime,-26.22,GBP,-26.22,TRANSPORT: Lime,Revolut
2025-08-30,Panfé,-9.38,GBP,-9.38,OTHER,Revolut
2025-08-31,Amazon,-114.61,GBP,-114.61,SHOPPING: Amazon,Revolut
2025-08-31,Khan Indiano Latino Alimentari,-22.69,GBP,-22.69,TRANSPORT: Lime,Revolut
2025-08-31,Samir,-6.51,GBP,-6.51,OTHER,Revolut
2025-08-31,Esselunga,-20.79,GBP,-20.79,FOOD: Groceries,Revolut
2025-08-31,Selecta,-1.91,GBP,-1.91,FOOD: Vending/Campus,Revolut
2025-09-01,Amazon,-43.05,GBP,-43.05,SHOPPING: Amazon,Revolut
2025-09-01,Polijes Order,-19.2,GBP,-19.2,OTHER,Revolut
2025-09-01,Bellavista Ripamonti,-3.05,GBP,-3.05,OTHER,Revolut
2025-09-01,Bellavista Ripamonti,-1.31,GBP,-1.31,OTHER,Revolut
2025-09-01,Gruppo Argenta S.p.a.,-3.05,GBP,-3.05,FOOD: Vending/Campus,Revolut
2025-09-02,ATM - Azienda Trasporti Milanesi,-1.92,GBP,-1.92,OTHER,Revolut
2025-09-02,Amazon,-25.73,GBP,-25.73,SHOPPING: Amazon,Revolut
2025-09-02,Lucky Music Network Ltd,-187.92,GBP,-187.92,OTHER,Revolut
2025-09-02,Lime,-2.89,GBP,-2.89,TRANSPORT: Lime,Revolut
2025-09-02,Selecta,-2.61,GBP,-2.61,FOOD: Vending/Campus,Revolut
2025-09-02,Dalia Lab,-2.62,GBP,-2.62,OTHER,Revolut
2025-09-02,Poste Italiane,-89.3,GBP,-89.3,OTHER,Revolut
2025-09-03,MobiMatter,-24.0,GBP,-24.0,PHONE: Mobile,Revolut
2025-09-03,Da Regina 1985,-53.08,GBP,-53.08,OTHER,Revolut
2025-09-03,Selecta,-2.79,GBP,-2.79,FOOD: Vending/Campus,Revolut
2025-09-03,Carrefour,-8.54,GBP,-8.54,FOOD: Groceries,Revolut
2025-09-03,To Remy Aissaoui,-16.0,GBP,-16.0,OTHER,Revolut
2025-09-03,Apple,-7.0,GBP,-7.0,SUBSCRIPTION: Apple,Revolut
2025-09-04,GUD,-2.61,GBP,-2.61,FOOD: Vending/Campus,Revolut
2025-09-04,Gudbocconi.qromo.it,-10.44,GBP,-10.44,FOOD: Restaurant,Revolut
2025-09-05,Gruppo Negozi,-1.14,GBP,-1.14,OTHER,Revolut
2025-09-05,10 Corso Como Cafe,-3.92,GBP,-3.92,FOOD: Restaurant,Revolut
2025-09-05,Oven,-17.24,GBP,-17.24,OTHER,Revolut
2025-09-05,Cesarino,-2.61,GBP,-2.61,OTHER,Revolut
2025-09-05,Gudbocconi.qromo.it,-11.31,GBP,-11.31,FOOD: Restaurant,Revolut
2025-09-05,Lime,-9.53,GBP,-9.53,TRANSPORT: Lime,Revolut
2025-09-06,Deliveroo,-22.87,GBP,-22.87,FOOD: Deliveroo,Revolut
2025-09-06,10 Corso Como Cafe,-4.79,GBP,-4.79,FOOD: Restaurant,Revolut
2025-09-06,Eurasia Alimentari,-2.18,GBP,-2.18,TRANSPORT: Lime,Revolut
2025-09-06,Selecta,-3.05,GBP,-3.05,FOOD: Vending/Campus,Revolut
2025-09-06,ATM - Azienda Trasporti Milanesi,-5.74,GBP,-5.74,OTHER,Revolut
2025-09-06,Orasesta,-0.44,GBP,-0.44,OTHER,Revolut
2025-09-06,Apple,-10.99,GBP,-10.99,SUBSCRIPTION: Apple,Revolut
2025-09-06,Orasesta,-1.74,GBP,-1.74,OTHER,Revolut
2025-09-07,Samir,-14.07,GBP,-14.07,OTHER,Revolut
2025-09-07,La Romana Dal 1947,-3.48,GBP,-3.48,OTHER,Revolut
2025-09-07,Pam Panorama,-26.96,GBP,-26.96,FOOD: Groceries,Revolut
2025-09-07,Deliveroo,-20.54,GBP,-20.54,FOOD: Deliveroo,Revolut
2025-09-07,Lime,-25.0,GBP,-25.0,TRANSPORT: Lime,Revolut
2025-09-07,Lime,-3.47,GBP,-3.47,TRANSPORT: Lime,Revolut
2025-09-08,Cursor,-14.88,GBP,-14.88,SUBSCRIPTION: Cursor,Revolut
2025-09-08,OpenAI,-8.89,GBP,-8.89,SUBSCRIPTION: OpenAI,Revolut
2025-09-08,Conad,-3.73,GBP,-3.73,FOOD: Groceries,Revolut
2025-09-09,Si Gusta,-5.68,GBP,-5.68,OTHER,Revolut
2025-09-09,Pita Gold,-17.38,GBP,-17.38,OTHER,Revolut
2025-09-09,Gruppo Argenta S.p.a.,-3.04,GBP,-3.04,FOOD: Vending/Campus,Revolut
2025-09-09,Lime,-26.06,GBP,-26.06,TRANSPORT: Lime,Revolut
2025-09-10,Nestan Srl,-7.81,GBP,-7.81,OTHER,Revolut
2025-09-10,Trainline,-40.81,GBP,-40.81,TRANSPORT: Public,Revolut
2025-09-10,Amazon,-62.21,GBP,-62.21,SHOPPING: Amazon,Revolut
2025-09-10,Rachidmoumm,-11.12,GBP,-11.12,OTHER,Revolut
2025-09-10,Gruppo Argenta S.p.a.,-5.21,GBP,-5.21,FOOD: Vending/Campus,Revolut
2025-09-10,Polijes Order,-14.65,GBP,-14.65,OTHER,Revolut
2025-09-11,ATM - Azienda Trasporti Milanesi,-3.82,GBP,-3.82,OTHER,Revolut
2025-09-11,Con.Fid. Station,-1.05,GBP,-1.05,OTHER,Revolut
2025-09-11,Autogrill,-4.08,GBP,-4.08,OTHER,Revolut
2025-09-11,Vector Magic,-7.99,GBP,-7.99,SUBSCRIPTION: Vector Magic,Revolut
2025-09-11,Mac Di Torcoli,-9.25,GBP,-9.25,OTHER,Revolut
2025-09-11,Pasta Espresso Go,-13.88,GBP,-13.88,OTHER,Revolut
2025-09-13,Farmacia Pescetto Via Balbi/Principe,-3.48,GBP,-3.48,OTHER,Revolut
2025-09-13,Carrefour,-5.78,GBP,-5.78,FOOD: Groceries,Revolut
2025-09-13,La Bottega Del Fritto,-6.51,GBP,-6.51,OTHER,Revolut
2025-09-13,Autogrill,-12.64,GBP,-12.64,OTHER,Revolut
2025-09-13,David Bassi,-5.21,GBP,-5.21,OTHER,Revolut
2025-09-13,Moretto,-20.26,GBP,-20.26,OTHER,Revolut
2025-09-14,Ostello Bello,-7.73,GBP,-7.73,OTHER,Revolut
2025-09-14,Tandoori Bites,-15.63,GBP,-15.63,OTHER,Revolut
2025-09-14,Antica Gelateria Amedeo,-3.91,GBP,-3.91,OTHER,Revolut
2025-09-15,Apple,-0.99,GBP,-0.99,SUBSCRIPTION: Apple,Revolut
2025-09-15,Pita Gold,-15.19,GBP,-15.19,OTHER,Revolut
2025-09-15,Gruppo Argenta S.p.a.,-4.34,GBP,-4.34,FOOD: Vending/Campus,Revolut
2025-09-16,Apple,-0.99,GBP,-0.99,SUBSCRIPTION: Apple,Revolut
2025-09-16,Glovo,-16.53,GBP,-16.53,FOOD: Glovo,Revolut
2025-09-16,Epidemic Sound,-15.98,GBP,-15.98,SUBSCRIPTION: Epidemic Sound,Revolut
2025-09-16,Pasticceria Falconieri,-3.91,GBP,-3.91,OTHER,Revolut
2025-09-16,EL&N London,-24.7,GBP,-24.7,OTHER,Revolut
2025-09-16,Poke House Kiosk,-10.78,GBP,-10.78,OTHER,Revolut
2025-09-16,ATM - Azienda Trasporti Milanesi,-3.83,GBP,-3.83,OTHER,Revolut
2025-09-17,Super Carne Srl Via D,-10.27,GBP,-10.27,OTHER,Revolut
2025-09-17,Google,-39.99,GBP,-39.99,OTHER,Revolut
2025-09-17,Gruppo Argenta S.p.a.,-3.57,GBP,-3.57,FOOD: Vending/Campus,Revolut
2025-09-17,Photo Digital Print,-3.48,GBP,-3.48,OTHER,Revolut
2025-09-17,Pasticceria Falconieri,-3.92,GBP,-3.92,OTHER,Revolut
2025-09-17,Gudbocconi.qromo.it,-1.92,GBP,-1.92,FOOD: Restaurant,Revolut
2025-09-17,SPECIALTY,-5.14,GBP,-5.14,OTHER,Revolut
2025-09-18,Biancolatte,-13.92,GBP,-13.92,OTHER,Revolut
2025-09-18,www.kiwi.com*BRNO,-60.2,GBP,-60.2,TRANSPORT: Flights,Revolut
2025-09-18,Biancolatte,-20.48,GBP,-20.48,OTHER,Revolut
2025-09-20,Hotel Greif,-2.63,GBP,-2.63,TRAVEL: Accommodation,Revolut
2025-09-22,Gruppo Argenta S.p.a.,-9.72,GBP,-9.72,FOOD: Vending/Campus,Revolut
2025-09-22,WeTransfer,-8.0,GBP,-8.0,SUBSCRIPTION: WeTransfer,Revolut
2025-09-24,Transfer to Revolut user,-13.58,GBP,-13.58,OTHER,Revolut
2025-09-27,Gruppo Argenta S.p.a.,-5.7,GBP,-5.7,FOOD: Vending/Campus,Revolut
2025-09-27,Bellavista Ripamonti,-3.07,GBP,-3.07,OTHER,Revolut
2025-09-27,The Boss Di Nebi Kanis,-11.83,GBP,-11.83,OTHER,Revolut
2025-09-27,Bellavista Ripamonti,-1.32,GBP,-1.32,OTHER,Revolut
2025-09-27,Global E Petitmaple,-129.75,GBP,-129.75,OTHER,Revolut
2025-09-27,Amazon,-49.1,GBP,-49.1,SHOPPING: Amazon,Revolut
2025-09-28,Glovo,-23.67,GBP,-23.67,FOOD: Glovo,Revolut
2025-09-28,kiwi.com,-95.02,GBP,-95.02,TRANSPORT: Flights,Revolut
2025-09-28,Macelleria E Minimark.,-7.45,GBP,-7.45,OTHER,Revolut
2025-09-28,C'era Una Volta,-2.63,GBP,-2.63,OTHER,Revolut
2025-09-28,Gruppo Argenta S.p.a.,-4.91,GBP,-4.91,FOOD: Vending/Campus,Revolut
2025-09-28,Barber Shop Ka,-13.15,GBP,-13.15,PERSONAL: Barber,Revolut
2025-09-29,Pizza Kebap Senza Cipolla,-4.83,GBP,-4.83,FOOD: Restaurant,Revolut
2025-09-29,Alimentari Ripamonti S,-7.33,GBP,-7.33,TRANSPORT: Lime,Revolut
2025-09-29,Orasesta,-0.88,GBP,-0.88,OTHER,Revolut
2025-09-29,The Boss Di Nebi Kanis,-2.63,GBP,-2.63,OTHER,Revolut
2025-09-30,kiwi.com,-110.0,GBP,-110.0,TRANSPORT: Flights,Revolut
2025-09-30,Lime,-4.18,GBP,-4.18,TRANSPORT: Lime,Revolut
2025-09-30,SPECIALTY,-2.63,GBP,-2.63,OTHER,Revolut
2025-09-30,Apple,-8.99,GBP,-8.99,SUBSCRIPTION: Apple,Revolut
2025-09-30,Pizza Kebap Senza Cipolla,-4.82,GBP,-4.82,FOOD: Restaurant,Revolut
2025-09-30,Lime,-26.27,GBP,-26.27,TRANSPORT: Lime,Revolut
2025-09-30,Pita Gold,-12.27,GBP,-12.27,OTHER,Revolut
2025-10-01,Exchanged to EUR,-3.77,GBP,-3.77,OTHER,Revolut
2025-10-01,Orasesta,-0.88,GBP,-0.88,OTHER,Revolut
2025-10-01,Bocconi University,-9.44,GBP,-9.44,FOOD: Restaurant,Revolut
2025-10-01,Pasticceria Falconieri,-2.71,GBP,-2.71,OTHER,Revolut
2025-10-01,Google Cloud,-23.32,GBP,-23.32,BUSINESS: Cloud,Revolut
2025-10-01,Glovo,-23.62,GBP,-23.62,FOOD: Glovo,Revolut
2025-10-02,Orasesta,-1.75,GBP,-1.75,OTHER,Revolut
2025-10-02,Orasesta,-0.88,GBP,-0.88,OTHER,Revolut
2025-10-02,Orasesta,-0.7,GBP,-0.7,OTHER,Revolut
2025-10-02,Gruppo Argenta S.p.a.,-5.87,GBP,-5.87,FOOD: Vending/Campus,Revolut
2025-10-02,Bocconi University,-2.45,GBP,-2.45,FOOD: Restaurant,Revolut
2025-10-02,Crema,-1.75,GBP,-1.75,OTHER,Revolut
2025-10-02,Pizza Kebap Senza Cipolla,-7.43,GBP,-7.43,FOOD: Restaurant,Revolut
2025-10-03,Gruppo Argenta S.p.a.,-1.75,GBP,-1.75,FOOD: Vending/Campus,Revolut
2025-10-03,Apple,-7.0,GBP,-7.0,SUBSCRIPTION: Apple,Revolut
2025-10-03,Uber,-162.88,GBP,-162.88,TRANSPORT: Uber,Revolut
2025-10-03,12oz,-9.98,GBP,-9.98,OTHER,Revolut
2025-10-03,Trenitalia,-13.13,GBP,-13.13,TRANSPORT: Public,Revolut
2025-10-03,Pizza Kebap Senza Cipolla,-6.56,GBP,-6.56,FOOD: Restaurant,Revolut
2025-10-03,Pizza Kebap Senza Cipolla,-4.82,GBP,-4.82,FOOD: Restaurant,Revolut
2025-10-03,Trainline,-23.34,GBP,-23.34,TRANSPORT: Public,Revolut
2025-10-04,To Remy Aissaoui,-12.22,GBP,-12.22,OTHER,Revolut
2025-10-04,Glovo,-26.02,GBP,-26.02,FOOD: Glovo,Revolut
2025-10-04,Pizzium,-11.14,GBP,-11.14,FOOD: Restaurant,Revolut
2025-10-04,ATM - Azienda Trasporti Milanesi,-3.85,GBP,-3.85,OTHER,Revolut
2025-10-04,Autogrill,-11.88,GBP,-11.88,OTHER,Revolut
2025-10-04,Trainline,-49.04,GBP,-49.04,TRANSPORT: Public,Revolut
2025-10-05,Samir,-9.85,GBP,-9.85,OTHER,Revolut
2025-10-05,Bellavista Ripamonti,-0.88,GBP,-0.88,OTHER,Revolut
2025-10-05,Bellavista Ripamonti,-2.19,GBP,-2.19,OTHER,Revolut
2025-10-06,Apple,-10.99,GBP,-10.99,SUBSCRIPTION: Apple,Revolut
2025-10-06,Alimentari Ripamonti S,-13.64,GBP,-13.64,TRANSPORT: Lime,Revolut
2025-10-06,Bellavista Ripamonti,-0.88,GBP,-0.88,OTHER,Revolut
2025-10-06,Orasesta,-1.75,GBP,-1.75,OTHER,Revolut
2025-10-06,Pizza Kebap Senza Cipolla,-6.98,GBP,-6.98,FOOD: Restaurant,Revolut
2025-10-07,Sum Specialty,-6.1,GBP,-6.1,OTHER,Revolut
2025-10-08,Pizza Kebap Senza Cipolla,-6.96,GBP,-6.96,FOOD: Restaurant,Revolut
2025-10-08,Cursor,-14.97,GBP,-14.97,SUBSCRIPTION: Cursor,Revolut
2025-10-08,Transfer from Revolut user,12.22,GBP,12.22,INCOME: Other,Revolut
2025-10-08,Transfer from Revolut user,11.67,GBP,11.67,INCOME: Other,Revolut
2025-10-08,Bocconi University,-4.61,GBP,-4.61,FOOD: Restaurant,Revolut
2025-10-08,Bocconi University,-2.44,GBP,-2.44,FOOD: Restaurant,Revolut
2025-10-09,Pizza Kebap Senza Cipolla,-4.79,GBP,-4.79,FOOD: Restaurant,Revolut
2025-10-09,Transfer to Revolut user,-11.33,GBP,-11.33,OTHER,Revolut
2025-10-09,Gruppo Argenta S.p.a.,-5.15,GBP,-5.15,FOOD: Vending/Campus,Revolut
2025-10-09,ATM - Azienda Trasporti Milanesi,-1.14,GBP,-1.14,OTHER,Revolut
2025-10-10,HK REPUBLIQUE~~PARIS~00000 250,-596.93,SAR,-125.36,OTHER,Credit Card (SAR)
2025-10-10,RATP,-2.19,GBP,-2.19,TRANSPORT: Public,Revolut
2025-10-10,EASYJET~~FERNO~00000 380,-259.29,SAR,-54.45,TRANSPORT: Flights,Credit Card (SAR)
2025-10-10,Cafè Nord,-7.0,GBP,-7.0,OTHER,Revolut
2025-10-10,King Sandwic,-8.29,GBP,-8.29,OTHER,Revolut
2025-10-10,Uber,-19.31,GBP,-19.31,TRANSPORT: Uber,Revolut
2025-10-10,SNCF,-7.42,GBP,-7.42,TRANSPORT: Public,Revolut
2025-10-10,MobiMatter,-12.5,GBP,-12.5,PHONE: Mobile,Revolut
2025-10-10,Selecta,-2.71,GBP,-2.71,FOOD: Vending/Campus,Revolut
2025-10-10,Jawwy From Stc,-30.22,GBP,-30.22,PHONE: Mobile,Revolut
2025-10-10,Trainline,-11.18,GBP,-11.18,TRANSPORT: Public,Revolut
2025-10-11,Kiwi.com~~BRNO~00000 203,-218.76,SAR,-45.94,TRANSPORT: Flights,Credit Card (SAR)
2025-10-11,SATOSHI~~PARIS~75001 250,-42.87,SAR,-9.0,OTHER,Credit Card (SAR)
2025-10-11,Tiqets.com~~Amsterdam~00000 528,-388.33,SAR,-81.55,OTHER,Credit Card (SAR)
2025-10-11,BO MIE TURBIGO~~PARIS 2~75002 250,-38.83,SAR,-8.15,OTHER,Credit Card (SAR)
2025-10-11,LA DAME DE PARIS~~PARIS~75004 250,-111.59,SAR,-23.43,OTHER,Credit Card (SAR)
2025-10-11,CREPES~~PIERREFITTE S~00000 250,-24.56,SAR,-5.16,OTHER,Credit Card (SAR)
2025-10-11,SERVICE NAVIGO 4042878~~75PARIS~75009 250,-111.59,SAR,-23.43,OTHER,Credit Card (SAR)
2025-10-11,Lycamobile~~London~00000 826,-115.51,SAR,-24.26,PHONE: Mobile,Credit Card (SAR)
2025-10-11,CAVE D ARGENT~~PARIS~75016 250,-10.71,SAR,-2.25,OTHER,Credit Card (SAR)
2025-10-11,Tiqets.com~~Amsterdam~00000 528,-276.22,SAR,-58.01,OTHER,Credit Card (SAR)
2025-10-12,Hotel at Booking.com~~Amsterdam~00000 528,-2305.17,SAR,-484.09,TRAVEL: Accommodation,Credit Card (SAR)
2025-10-12,Vector Magic,-7.99,GBP,-7.99,SUBSCRIPTION: Vector Magic,Revolut
2025-10-12,Basilique du Sacré-Cœur,-6.97,GBP,-6.97,OTHER,Revolut
2025-10-12,PretAManger 4335144~~75015 Louvre~75001 250,-24.98,SAR,-5.25,OTHER,Credit Card (SAR)
2025-10-12,PretAManger 4334875~~75036 Sorbonn~75005 250,-46.86,SAR,-9.84,OTHER,Credit Card (SAR)
2025-10-12,BOULANGERIE SENT~~PARIS~75002 250,-33.46,SAR,-7.03,OTHER,Credit Card (SAR)
2025-10-12,TERRASSE DE MME 2939319~~PARIS0000556/~75006 250,-50.88,SAR,-10.68,OTHER,Credit Card (SAR)
2025-10-12,TERRASSE DE MME 2939319~~PARIS0000556/~75006 250,-4.45,SAR,-0.93,OTHER,Credit Card (SAR)
2025-10-12,MALATOWN~~PARIS~75003 250,-189.37,SAR,-39.77,OTHER,Credit Card (SAR)
2025-10-12,HOTEL CANAL ST MART~~PARIS 10~75010 250,-75.43,SAR,-15.84,TRAVEL: Accommodation,Credit Card (SAR)
2025-10-12,SC.DISTRICUSTIN~~PARIS~75018 250,-31.01,SAR,-6.51,OTHER,Credit Card (SAR)
2025-10-13,ZARA FRANCE 4388600~~75PARIS 12672~75009 250,-267.57,SAR,-56.19,SHOPPING: Zara,Credit Card (SAR)
2025-10-13,STOHRER PATISS~~PARIS~75002 250,-27.66,SAR,-5.81,OTHER,Credit Card (SAR)
2025-10-13,MIDORE~~PARIS~75002 250,-20.99,SAR,-4.41,OTHER,Credit Card (SAR)
2025-10-13,ZARA FRANCE 4388600~~75PARIS 12672~75009 250,-173.63,SAR,-36.46,SHOPPING: Zara,Credit Card (SAR)
2025-10-13,LIME*4 RIDES 7ORF~~PARIS~75017 250,-80.43,SAR,-16.89,TRANSPORT: Lime,Credit Card (SAR)
2025-10-13,ARABIAN OUD 4100054~~75PARIS 8~75008 250,-709.71,SAR,-149.04,OTHER,Credit Card (SAR)
2025-10-13,LS SA COMPAGNIE DES BA~~Paris~00000 250,-15.63,SAR,-3.28,OTHER,Credit Card (SAR)
2025-10-14,SERVICE NAVIGO 4042878~~75PARIS~75009 250,-33.46,SAR,-7.03,OTHER,Credit Card (SAR)
2025-10-14,M LAURENT DHEILL2160820~~PARIS~75001 250,-36.61,SAR,-7.69,OTHER,Credit Card (SAR)
2025-10-14,LE BISTRO GARE~~PARIS~75006 250,-78.55,SAR,-16.5,OTHER,Credit Card (SAR)
2025-10-14,YAOZ CHATELET~~MAISONS ALFOR~94700 250,-26.32,SAR,-5.53,OTHER,Credit Card (SAR)
2025-10-14,LA CALECHE DOREE~~FONTENAY-SOUS~94120 250,-26.78,SAR,-5.62,OTHER,Credit Card (SAR)
2025-10-14,SERVICE NAVIGO 4042878~~75PARIS~75009 250,-8.94,SAR,-1.88,OTHER,Credit Card (SAR)
2025-10-15,CLESS TICKET ATM MILANO~~MILANO~20100 380,-9.82,SAR,-2.06,TRANSPORT: Public,Credit Card (SAR)
2025-10-15,GARE ORLY L16/L1~~ORLY AEROGARE~94396 250,-66.89,SAR,-14.05,OTHER,Credit Card (SAR)
2025-10-15,TRANSAVIA PIB5GX~~PARAY VIEILLE~91551 250,-267.49,SAR,-56.17,TRANSPORT: Flights,Credit Card (SAR)
2025-10-15,Glovo 15OCT LLGYNV8V~~MILANO~00000 380,-102.49,SAR,-21.52,FOOD: Glovo,Credit Card (SAR)
2025-10-15,HOTEL CANAL ST MART~~PARIS 10~75010 250,-37.68,SAR,-7.91,TRAVEL: Accommodation,Credit Card (SAR)
2025-10-15,FNM*TRENORD TVM 2034-~~FERNO~21010 380,-66.89,SAR,-14.05,TRANSPORT: Public,Credit Card (SAR)
2025-10-15,CLESS TICKET ATM MILANO~~MILANO~20100 380,-5.83,SAR,-1.22,TRANSPORT: Public,Credit Card (SAR)
2025-10-15,MONOP DAILY 4270035~~94822060 CB S~94547 250,-82.92,SAR,-17.41,OTHER,Credit Card (SAR)
2025-10-16,MACELLERIA SAMIR~~MILANO~20139 380,-25.95,SAR,-5.45,OTHER,Credit Card (SAR)
2025-10-16,GRUPPO ARGENTA S.P.A.~~REGGIO EMILIA~42124 380,-37.98,SAR,-7.98,FOOD: Vending/Campus,Credit Card (SAR)
2025-10-16,KHAN INDIANO LATINO~~MILANO~20139 380,-21.21,SAR,-4.45,OTHER,Credit Card (SAR)
2025-10-16,Epidemic Sound,-15.98,GBP,-15.98,SUBSCRIPTION: Epidemic Sound,Revolut
2025-10-17,Global-e/PalestinianSoapC~~Amsterdam~00000 528,-278.17,SAR,-58.42,OTHER,Credit Card (SAR)
2025-10-17,GRUPPO ARGENTA S.P.A.~~REGGIO EMILIA~42124 380,-35.92,SAR,-7.54,FOOD: Vending/Campus,Credit Card (SAR)
2025-10-17,Google One,-39.99,GBP,-39.99,SUBSCRIPTION: Google One,Revolut
2025-10-17,U!COME TU MI VUOI~~MILANO~20129 380,-72.41,SAR,-15.21,OTHER,Credit Card (SAR)
2025-10-18,Glovo 18OCT LBVLT5UU~~MILANO~00000 380,-64.28,SAR,-13.5,FOOD: Glovo,Credit Card (SAR)
2025-10-18,NYA*RIPAMONTI SRL~~3476278383~20121 380,-11.2,SAR,-2.35,PERSONAL: Laundry,Credit Card (SAR)
2025-10-18,Glovo 18OCT LGHEEGDZ~~MILANO~00000 380,-58.06,SAR,-12.19,FOOD: Glovo,Credit Card (SAR)
2025-10-18,NYA*RIPAMONTI SRL~~3476278383~20121 380,-4.49,SAR,-0.94,PERSONAL: Laundry,Credit Card (SAR)
2025-10-19,PAM PANORAMA MI-SABOTINO~~MILANO~20135 380,-175.09,SAR,-36.77,FOOD: Groceries,Credit Card (SAR)
2025-10-19,GRUPPO ARGENTA S.P.A.~~REGGIO EMILIA~42124 380,-24.74,SAR,-5.2,FOOD: Vending/Campus,Credit Card (SAR)
2025-10-19,SENZA CIPOLLA-PIZZA KEBA~~MILANO~20136 380,-58.51,SAR,-12.29,FOOD: Restaurant,Credit Card (SAR)
2025-10-20,CAMPUS BOCCONI~~MILANO~20121 380,-12.59,SAR,-2.64,FOOD: Restaurant,Credit Card (SAR)
2025-10-21,Glovo 21OCT LVTJ8RRE~~Milano~00000 724,-57.25,SAR,-12.02,FOOD: Glovo,Credit Card (SAR)
2025-10-22,SOGUD S.R.L.~~MILANO~20136 380,-20.57,SAR,-4.32,FOOD: Vending/Campus,Credit Card (SAR)
2025-10-22,SENZA CIPOLLA-PIZZA KEBA~~MILANO~20136 380,-24.59,SAR,-5.16,FOOD: Restaurant,Credit Card (SAR)
2025-10-22,Pocket Withdrawal,-20.0,GBP,-20.0,TRANSFER: Internal,Revolut
2025-10-22,Ko-fi,-0.76,GBP,-0.76,OTHER,Revolut
2025-10-22,Pocket Withdrawal,20.0,GBP,20.0,TRANSFER: Internal,Revolut
2025-10-22,WeTransfer,-8.0,GBP,-8.0,SUBSCRIPTION: WeTransfer,Revolut
2025-10-24,DUOMO KEBAP~~MILANO~20123 380,-44.59,SAR,-9.36,OTHER,Credit Card (SAR)
2025-10-24,GRUPPO ARGENTA S.P.A.~~REGGIO EMILIA~42124 380,-31.23,SAR,-6.56,FOOD: Vending/Campus,Credit Card (SAR)
2025-10-24,SumUp *Bike Street Ju~~Milano~00000 380,-22.3,SAR,-4.68,OTHER,Credit Card (SAR)
2025-10-24,CLESS TICKET ATM MILANO~~MILANO~20100 380,-9.82,SAR,-2.06,TRANSPORT: Public,Credit Card (SAR)
2025-10-24,PAM PANORAMA MI-SABOTINO~~MILANO~20135 380,-83.6,SAR,-17.56,FOOD: Groceries,Credit Card (SAR)
2025-10-24,Glovo 23OCT LPCD5FJT~~Milano~00000 724,-158.75,SAR,-33.34,FOOD: Glovo,Credit Card (SAR)
2025-10-25,LA ROMANA 1947~~MILANO~20136 380,-22.38,SAR,-4.7,OTHER,Credit Card (SAR)
2025-10-25,SHOPSI SRL~~MILANO~20136 380,-83.77,SAR,-17.59,OTHER,Credit Card (SAR)
2025-10-27,SHOPSI SRL~~MILANO~20136 380,-166.62,SAR,-34.99,OTHER,Credit Card (SAR)
2025-10-27,SumUp *SPECIALTY SRL~~Milano~00000 380,-13.43,SAR,-2.82,OTHER,Credit Card (SAR)
2025-10-27,Orasesta,-0.88,GBP,-0.88,OTHER,Revolut
2025-10-28,CAMPUS BOCCONI~~MILANO~20121 380,-12.51,SAR,-2.63,FOOD: Restaurant,Credit Card (SAR)
2025-10-28,PITA GOLD SRL~~MILANO~00000 380,-62.58,SAR,-13.14,OTHER,Credit Card (SAR)
2025-10-29,CLESS TICKET ATM MILANO~~MILANO~20100 380,-19.65,SAR,-4.13,TRANSPORT: Public,Credit Card (SAR)
2025-10-29,CLESS TICKET ATM MILANO~~MILANO~20100 380,-5.79,SAR,-1.22,TRANSPORT: Public,Credit Card (SAR)
2025-10-30,Orasesta,-0.89,GBP,-0.89,OTHER,Revolut
2025-10-30,Apple,-8.99,GBP,-8.99,SUBSCRIPTION: Apple,Revolut
2025-10-31,LIME*RIDE 7ORF~~MILAN~20145 380,-10.93,SAR,-2.3,TRANSPORT: Lime,Credit Card (SAR)
2025-10-31,To pocket GBP 2 from GBP,555.0,GBP,555.0,TRANSFER: Internal,Revolut
2025-10-31,Glovo 31OCT LV5PQQ4T~~Milano~00000 724,-117.3,SAR,-24.63,FOOD: Glovo,Credit Card (SAR)
2025-10-31,To pocket GBP 2 from GBP,-555.0,GBP,-555.0,TRANSFER: Internal,Revolut
2025-10-31,GRUPPO ARGENTA S.P.A.~~REGGIO EMILIA~42124 380,-17.88,SAR,-3.75,FOOD: Vending/Campus,Credit Card (SAR)
2025-10-31,SENZA CIPOLLA-PIZZA KEBA~~MILANO~20136 380,-49.11,SAR,-10.31,FOOD: Restaurant,Credit Card (SAR)
2025-10-31,NYA*RIPAMONTI SRL~~3476278383~20121 380,-15.63,SAR,-3.28,PERSONAL: Laundry,Credit Card (SAR)
2025-10-31,NYA*RIPAMONTI SRL~~3476278383~20121 380,-4.45,SAR,-0.93,PERSONAL: Laundry,Credit Card (SAR)
2025-10-31,LIME*3 RIDES 7ORF~~MILAN~20145 380,-50.96,SAR,-10.7,TRANSPORT: Lime,Credit Card (SAR)
2025-11-01,Glovo 01NOV LQXBN2FG~~Milano~00000 724,-66.47,SAR,-13.96,FOOD: Glovo,Credit Card (SAR)
2025-11-01,Google Cloud,-0.24,GBP,-0.24,BUSINESS: Cloud,Revolut
2025-11-02,Glovo 02NOV L8LMM63J~~MILANO~00000 380,-64.93,SAR,-13.64,FOOD: Glovo,Credit Card (SAR)
2025-11-03,Jawwy from STC~~Riyadh~00000 682,-230.0,SAR,-48.3,PHONE: Mobile,Credit Card (SAR)
2025-11-03,CAMPUS BOCCONI~~MILANO~20121 380,-12.43,SAR,-2.61,FOOD: Restaurant,Credit Card (SAR)
2025-11-03,Glovo 03NOV LKC51FJH~~Milano~00000 724,-103.22,SAR,-21.68,FOOD: Glovo,Credit Card (SAR)
2025-11-03,Apple,-7.0,GBP,-7.0,SUBSCRIPTION: Apple,Revolut
2025-11-04,LIME*PASS 7ORF~~MILAN~20145 380,-17.69,SAR,-3.71,TRANSPORT: Lime,Credit Card (SAR)
2025-11-04,LIME*4 RIDES 7ORF~~MILAN~20145 380,-27.66,SAR,-5.81,TRANSPORT: Lime,Credit Card (SAR)
2025-11-04,Amazon,-24.65,GBP,-24.65,SHOPPING: Amazon,Revolut
2025-11-04,Glovo 04NOV LJMHCCJ9~~MILANO~00000 380,-84.11,SAR,-17.66,FOOD: Glovo,Credit Card (SAR)
2025-11-05,PITA GOLD SRL~~MILANO~00000 380,-44.29,SAR,-9.3,OTHER,Credit Card (SAR)
2025-11-05,Glovo 05NOV LAS9FVEX~~MILANO~00000 380,-106.63,SAR,-22.39,FOOD: Glovo,Credit Card (SAR)
2025-11-05,LA ROMANA 1947~~MILANO~20136 380,-15.5,SAR,-3.25,OTHER,Credit Card (SAR)
2025-11-05,SumUp *SPECIALTY SRL~~Milano~00000 380,-13.28,SAR,-2.79,OTHER,Credit Card (SAR)
2025-11-06,Apple,-10.99,GBP,-10.99,SUBSCRIPTION: Apple,Revolut
2025-11-06,PAM PANORAMA MI-SABOTINO~~MILANO~20135 380,-269.53,SAR,-56.6,FOOD: Groceries,Credit Card (SAR)
2025-11-06,LIME*5 RIDES 7ORF~~MILAN~20145 380,-32.66,SAR,-6.86,TRANSPORT: Lime,Credit Card (SAR)
2025-11-06,CAMPUS BOCCONI~~MILANO~20121 380,-12.36,SAR,-2.6,FOOD: Restaurant,Credit Card (SAR)
2025-11-06,SPONTINI VIA GIULIO ROMA~~MILANO~20121 380,-44.13,SAR,-9.27,OTHER,Credit Card (SAR)
2025-11-07,Orasesta,-0.89,GBP,-0.89,OTHER,Revolut
2025-11-08,Cursor,-15.25,GBP,-15.25,SUBSCRIPTION: Cursor,Revolut
2025-11-09,LIME*3 RIDES 7ORF~~MILAN~20145 380,-16.88,SAR,-3.54,TRANSPORT: Lime,Credit Card (SAR)
2025-11-09,LA ROMANA 1947~~MILANO~20136 380,-42.25,SAR,-8.87,OTHER,Credit Card (SAR)
2025-11-09,Anthropic,-180.0,GBP,-180.0,BUSINESS: AI (Claude),Revolut
2025-11-10,Lycamobile~~London~00000 826,-113.77,SAR,-23.89,PHONE: Mobile,Credit Card (SAR)
2025-11-10,T3 Chat,-6.11,GBP,-6.11,SUBSCRIPTION: AI Tool,Revolut
2025-11-10,CAMPUS BOCCONI~~MILANO~20121 380,-12.47,SAR,-2.62,FOOD: Restaurant,Credit Card (SAR)
2025-11-11,LIME*5 RIDES 7ORF~~MILAN~20145 380,-29.36,SAR,-6.17,TRANSPORT: Lime,Credit Card (SAR)
2025-11-11,CAMPUS BOCCONI~~MILANO~20121 380,-32.45,SAR,-6.81,FOOD: Restaurant,Credit Card (SAR)
2025-11-12,CAMPUS BOCCONI~~MILANO~20121 380,-12.47,SAR,-2.62,FOOD: Restaurant,Credit Card (SAR)
2025-11-12,CAMPUS BOCCONI~~MILANO~20121 380,-23.6,SAR,-4.96,FOOD: Restaurant,Credit Card (SAR)
2025-11-12,GRUPPO ARGENTA S.P.A.~~REGGIO EMILIA~42124 380,-17.8,SAR,-3.74,FOOD: Vending/Campus,Credit Card (SAR)
2025-11-12,To pocket GBP 2 from GBP,-1000.0,GBP,-1000.0,TRANSFER: Internal,Revolut
2025-11-12,Vector Magic,-7.99,GBP,-7.99,SUBSCRIPTION: Vector Magic,Revolut
2025-11-12,To pocket GBP 2 from GBP,1000.0,GBP,1000.0,TRANSFER: Internal,Revolut
2025-11-13,CAMPUS BOCCONI~~MILANO~20121 380,-24.02,SAR,-5.04,FOOD: Restaurant,Credit Card (SAR)
2025-11-13,CAMPUS BOCCONI~~MILANO~20121 380,-12.47,SAR,-2.62,FOOD: Restaurant,Credit Card (SAR)
2025-11-13,LIME*7 RIDES 7ORF~~MILAN~20145 380,-38.29,SAR,-8.04,TRANSPORT: Lime,Credit Card (SAR)
2025-11-14,GRUPPO ARGENTA S.P.A.~~REGGIO EMILIA~42124 380,-8.94,SAR,-1.88,FOOD: Vending/Campus,Credit Card (SAR)
2025-11-14,PITA GOLD SRL~~MILANO~00000 380,-152.11,SAR,-31.94,OTHER,Credit Card (SAR)
2025-11-14,Orasesta,-1.78,GBP,-1.78,OTHER,Revolut
2025-11-15,ESSELUNGA RIPAMONTI 2-29~~MILANO~20100 380,-344.66,SAR,-72.38,FOOD: Groceries,Credit Card (SAR)
2025-11-16,LIME*3 RIDES 7ORF~~MILAN~20145 380,-21.18,SAR,-4.45,TRANSPORT: Lime,Credit Card (SAR)
2025-11-17,Google One,-39.99,GBP,-39.99,SUBSCRIPTION: Google One,Revolut
2025-11-17,NYA*RIPAMONTI SRL~~390283425282~20121 380,-6.71,SAR,-1.41,PERSONAL: Laundry,Credit Card (SAR)
2025-11-17,NYA*RIPAMONTI SRL~~390283425282~20121 380,-15.66,SAR,-3.29,PERSONAL: Laundry,Credit Card (SAR)
2025-11-18,LIME*6 RIDES 7ORF~~MILAN~20145 380,-26.78,SAR,-5.62,TRANSPORT: Lime,Credit Card (SAR)
2025-11-18,CAMPUS BOCCONI~~MILANO~20121 380,-23.64,SAR,-4.96,FOOD: Restaurant,Credit Card (SAR)
2025-11-18,SENZA CIPOLLA-PIZZA KEBA~~MILANO~20136 380,-35.69,SAR,-7.49,FOOD: Restaurant,Credit Card (SAR)
2025-11-18,Glovo 18NOV LDH7HUTH~~MILANO~00000 380,-113.47,SAR,-23.83,FOOD: Glovo,Credit Card (SAR)
2025-11-19,APARTO - RIPAMONTI~~MILANO~20159 380,-462.04,SAR,-97.03,OTHER,Credit Card (SAR)
2025-11-19,Mobimatter~~Abu Dhabi~00009 784,-121.37,SAR,-25.49,PHONE: Mobile,Credit Card (SAR)
2025-11-19,CAMPUS BOCCONI~~MILANO~20121 380,-23.6,SAR,-4.96,FOOD: Restaurant,Credit Card (SAR)
2025-11-20,LIME*2 RIDES 7ORF~~MILAN~20145 380,-12.47,SAR,-2.62,TRANSPORT: Lime,Credit Card (SAR)
2025-11-20,SENZA CIPOLLA PIZZA E KE~~MILANO~20136 380,-37.83,SAR,-7.94,FOOD: Restaurant,Credit Card (SAR)
2025-11-21,Glovo 21NOV LATE1GDL~~Milano~00000 724,-62.78,SAR,-13.18,FOOD: Glovo,Credit Card (SAR)
2025-11-21,Barber Shop Karim di b~~Milano~00000 380,-66.5,SAR,-13.96,PERSONAL: Barber,Credit Card (SAR)
2025-11-23,Glovo 23NOV L5KJTB6G~~Milano~ 724,-61.94,SAR,-13.01,FOOD: Glovo,Credit Card (SAR)
2025-11-23,Glovo 23NOV L5KJTB6G~~Milano~00000 724,-59.28,SAR,-12.45,FOOD: Glovo,Credit Card (SAR)
2025-11-23,Kilo Code,-7.96,GBP,-7.96,SUBSCRIPTION: AI Tool,Revolut
2025-11-24,LIME*6 RIDES 7ORF~~MILAN~20145 380,-37.26,SAR,-7.82,TRANSPORT: Lime,Credit Card (SAR)
2025-11-24,Anthropic,-24.0,GBP,-24.0,BUSINESS: AI (Claude),Revolut
2025-11-24,Orasesta,-1.77,GBP,-1.77,OTHER,Revolut
2025-11-24,CAMPUS BOCCONI~~MILANO~20121 380,-23.49,SAR,-4.93,FOOD: Restaurant,Credit Card (SAR)
2025-11-25,Pocket Withdrawal,-50.0,GBP,-50.0,TRANSFER: Internal,Revolut
2025-11-25,CAMPUS BOCCONI~~MILANO~20121 380,-12.4,SAR,-2.6,FOOD: Restaurant,Credit Card (SAR)
2025-11-25,Amazon,-30.0,GBP,-30.0,SHOPPING: Amazon,Revolut
2025-11-25,Pocket Withdrawal,50.0,GBP,50.0,TRANSFER: Internal,Revolut
2025-11-25,Anthropic,-12.0,GBP,-12.0,BUSINESS: AI (Claude),Revolut
2025-11-25,Anthropic,-30.0,GBP,-30.0,BUSINESS: AI (Claude),Revolut
2025-11-25,KOSHARI 101~~MILANO~20124 380,-44.32,SAR,-9.31,OTHER,Credit Card (SAR)
2025-11-26,PIZZERIA POSITANO STREET~~MILANO~20136 380,-17.77,SAR,-3.73,FOOD: Restaurant,Credit Card (SAR)
2025-11-26,Glovo 26NOV LZK453UN~~MILANO~00000 380,-217.77,SAR,-45.73,FOOD: Glovo,Credit Card (SAR)
2025-11-26,CAMPUS BOCCONI~~MILANO~20121 380,-37.8,SAR,-7.94,FOOD: Restaurant,Credit Card (SAR)
2025-11-27,EL & N~~MILANO~20154 380,-79.46,SAR,-16.69,OTHER,Credit Card (SAR)
2025-11-27,To pocket GBP 2 from GBP,-1000.0,GBP,-1000.0,TRANSFER: Internal,Revolut
2025-11-27,CLESS TICKET ATM MILANO~~MILANO MI~ 380,0.0,SAR,0.0,TRANSPORT: Public,Credit Card (SAR)
2025-11-27,To pocket GBP 2 from GBP,1000.0,GBP,1000.0,TRANSFER: Internal,Revolut
2025-11-28,Orasesta,-0.88,GBP,-0.88,OTHER,Revolut
2025-11-29,Glovo 29NOV LACZTVAQ~~Milano~ 724,-60.07,SAR,-12.61,FOOD: Glovo,Credit Card (SAR)
2025-11-29,CLESS TICKET ATM MILANO~~MILANO MI~ 380,-19.61,SAR,-4.12,TRANSPORT: Public,Credit Card (SAR)
2025-11-30,Apple,-8.99,GBP,-8.99,SUBSCRIPTION: Apple,Revolut
2025-12-01,Orasesta,-0.89,GBP,-0.89,OTHER,Revolut
2025-12-01,Anthropic,-15.19,GBP,-15.19,BUSINESS: AI (Claude),Revolut
2025-12-03,Amazon,-54.03,GBP,-54.03,SHOPPING: Amazon,Revolut
2025-12-03,Apple,-7.0,GBP,-7.0,SUBSCRIPTION: Apple,Revolut
2025-12-05,Amazon,48.47,GBP,48.47,INCOME: Other,Revolut
2025-12-05,Apple,-4.99,GBP,-4.99,SUBSCRIPTION: Apple,Revolut
2025-12-06,Apple,-10.99,GBP,-10.99,SUBSCRIPTION: Apple,Revolut
2025-12-07,Microsoft Store,-0.88,GBP,-0.88,OTHER,Revolut
2025-12-10,Apple INT PURCH SENZA CIPOLLA-PIZZA,-24.59,SAR,-5.16,FOOD: Restaurant,Credit Card (SAR)
2025-12-10,INT. E-COMMERCE SP THE BOX CO.,-170.72,SAR,-35.85,BUSINESS: Storage,Credit Card (SAR)
2025-12-10,Apple INT. E-COANDALUSIA USA INC,-957.33,SAR,-201.04,OTHER,Credit Card (SAR)
2025-12-11,Apple INT. E-COPatreon* Membership,-133.68,SAR,-28.07,OTHER,Credit Card (SAR)
2025-12-12,Apple INT PURCH BOCCONI GIUSTI,-27.97,SAR,-5.87,FOOD: Restaurant,Credit Card (SAR)
2025-12-13,Apple INT PURCH Glovo 13DEC LCM8CABS,-64.39,SAR,-13.52,FOOD: Glovo,Credit Card (SAR)
2025-12-14,Apple INT PURCH Glovo 14DEC LWYLP9LA,-75.67,SAR,-15.89,FOOD: Glovo,Credit Card (SAR)
2025-12-15,Amazon,-30.1,GBP,-30.1,SHOPPING: Amazon,Revolut
2025-12-15,Apple INT. E-COSP JESSES TEAHOUSE,-157.56,SAR,-33.09,OTHER,Credit Card (SAR)
2025-12-15,Apple INT PURCH CAMPUS BOCCONI,-12.63,SAR,-2.65,FOOD: Restaurant,Credit Card (SAR)
2025-12-15,Apple INT. E-COGlovo 15DEC LCA11CE5,-151.92,SAR,-31.9,FOOD: Glovo,Credit Card (SAR)
2025-12-15,Apple INT PURCH BOCCONI GIUSTI,-43.75,SAR,-9.19,FOOD: Restaurant,Credit Card (SAR)
2025-12-16,Apple INT. E-COLIME*RIDE 7ORF,-8.13,SAR,-1.71,TRANSPORT: Lime,Credit Card (SAR)
2025-12-16,Apple INT PURCH CLESS TICKET ATM MIL,-19.84,SAR,-4.17,TRANSPORT: Public,Credit Card (SAR)
2025-12-16,Apple INT PURCH BAB AL YEMEN,-171.64,SAR,-36.04,OTHER,Credit Card (SAR)
2025-12-17,Amazon,-16.63,GBP,-16.63,SHOPPING: Amazon,Revolut
2025-12-17,Google One,-39.99,GBP,-39.99,SUBSCRIPTION: Google One,Revolut
2025-12-18,Apple INT PURCH Glovo 18DEC LU1CYLCM,-75.25,SAR,-15.8,FOOD: Glovo,Credit Card (SAR)
2025-12-18,Apple INT PURCH Kiwi.com,-1164.0,SAR,-244.44,TRANSPORT: Flights,Credit Card (SAR)
2025-12-19,Apple INT PURCH PAM PANORAMA MI-SABO,-77.14,SAR,-16.2,FOOD: Groceries,Credit Card (SAR)
2025-12-19,Apple INT PURCH BOCCONI GIUSTI,-33.42,SAR,-7.02,FOOD: Restaurant,Credit Card (SAR)
2025-12-20,Apple INT PURCH GRUPPO ARGENTA S.P.A,-15.78,SAR,-3.31,FOOD: Vending/Campus,Credit Card (SAR)
2025-12-20,Apple INT. E-COLIME*4 RIDES 7ORF,-21.6,SAR,-4.54,TRANSPORT: Lime,Credit Card (SAR)
2025-12-20,Apple INT PURCH NYA*RIPAMONTI SRL,-11.24,SAR,-2.36,PERSONAL: Laundry,Credit Card (SAR)
2025-12-20,Apple INT PURCH NYA*RIPAMONTI SRL,-4.49,SAR,-0.94,PERSONAL: Laundry,Credit Card (SAR)
2025-12-20,Apple INT PURCH Barber Shop Karim di,-67.58,SAR,-14.19,PERSONAL: Barber,Credit Card (SAR)
2025-12-21,Apple INT. E-COTRAINLINE,-233.96,SAR,-49.13,TRANSPORT: Public,Credit Card (SAR)
2025-12-21,Apple INT PURCH IL CUBO,-54.07,SAR,-11.35,OTHER,Credit Card (SAR)
2025-12-21,Apple INT PURCH CLESS TICKET ATM MIL,-19.84,SAR,-4.17,TRANSPORT: Public,Credit Card (SAR)
2025-12-21,Apple INT PURCH TIGER STORE PADOVA V,-72.06,SAR,-15.13,OTHER,Credit Card (SAR)
2025-12-21,Apple INT. E-COFLZPQE_127719295 ITA,-193.25,SAR,-40.58,OTHER,Credit Card (SAR)
2025-12-21,Apple INT. E-COPadova,-117.11,SAR,-24.59,OTHER,Credit Card (SAR)
2025-12-21,Apple INT PURCH ACQU.DISTRIB.AUTOMAT,-5.42,SAR,-1.14,OTHER,Credit Card (SAR)
2025-12-21,Apple INT PURCH PARADISO SORPRESE PD,-80.63,SAR,-16.93,OTHER,Credit Card (SAR)
2025-12-22,Apple INT PURCH Glovo 22DEC LE9VK2LR,-73.06,SAR,-15.34,FOOD: Glovo,Credit Card (SAR)
2025-12-22,Apple INT PURCH TIGER ITALIA 1 SRL,-54.07,SAR,-11.35,OTHER,Credit Card (SAR)
2025-12-22,Apple INT PURCH Uniqlo Cordusio,-3195.11,SAR,-670.97,SHOPPING: Uniqlo,Credit Card (SAR)
2025-12-22,BRANCH PAY     CREDIT CARD PAYMENT,3555.0,SAR,746.55,TRANSFER: CC Payment,Credit Card (SAR)
2025-12-22,Apple INT PURCH PRENATAL RETAIL GROU,-127.94,SAR,-26.87,OTHER,Credit Card (SAR)
2025-12-22,Apple INT PURCH BAR TABACCHI DI AMIN,-11.7,SAR,-2.46,FOOD: Restaurant,Credit Card (SAR)
2025-12-23,Payment from SAUDI EDUCATIONAL,1325.95,GBP,1325.95,INCOME: Salary,Revolut
2025-12-23,EasyJet,-17.45,GBP,-17.45,TRANSPORT: Flights,Revolut
2025-12-23,Apple INT PURCH Glovo 23DEC LMTGU8LU,-41.9,SAR,-8.8,FOOD: Glovo,Credit Card (SAR)
2025-12-23,Apple INT PURCH Glocash*IGVAULT,-94.52,SAR,-19.85,OTHER,Credit Card (SAR)
2025-12-23,BRANCH PAY     CREDIT CARD PAYMENT,270.0,SAR,56.7,TRANSFER: CC Payment,Credit Card (SAR)
2025-12-23,Apple INT PURCH Glovo 23DEC LEHNRM79,-67.61,SAR,-14.2,FOOD: Glovo,Credit Card (SAR)
2025-12-24,BRANCH PAY     CREDIT CARD PAYMENT,5000.0,SAR,1050.0,TRANSFER: CC Payment,Credit Card (SAR)
2025-12-24,BRANCH PAY     CREDIT CARD PAYMENT,2903.92,SAR,609.82,TRANSFER: CC Payment,Credit Card (SAR)
2025-12-24,Apple INT. E-COUBER RIDES,-585.54,SAR,-122.96,TRANSPORT: Uber,Credit Card (SAR)
2025-12-24,Apple INT PURCH Louis Vuitton Milano,-8152.44,SAR,-1712.01,GIFT: Luxury,Credit Card (SAR)
2025-12-24,Apple INT PURCH ATMOSPHERE,-108.72,SAR,-22.83,OTHER,Credit Card (SAR)
2025-12-24,Apple INT PURCH SALMOIRAGHI & VIGANO,-1585.22,SAR,-332.9,OTHER,Credit Card (SAR)
2025-12-24,Apple INT PURCH Cafe Kitsune,-43.02,SAR,-9.03,FOOD: Restaurant,Credit Card (SAR)
2025-12-24,To SAMIAD limited,-2300.0,GBP,-2300.0,BUSINESS: Transfer,Revolut
2025-12-24,Apple INT PURCH Glovo 24DEC LYB8CMEQ,-111.33,SAR,-23.38,FOOD: Glovo,Credit Card (SAR)
2025-12-25,Apple INT PURCH BRERA,-132.69,SAR,-27.86,OTHER,Credit Card (SAR)
2025-12-25,Apple INT. E-COUBER UK RIDES,-324.75,SAR,-68.2,TRANSPORT: Uber,Credit Card (SAR)
2025-12-25,Apple INT PURCH EASYJET,-68.0,SAR,-14.28,TRANSPORT: Flights,Credit Card (SAR)
2025-12-25,Apple INT. E-COUBR* PENDING.UBER.CO,-597.5,SAR,-125.47,TRANSPORT: Uber,Credit Card (SAR)
2025-12-25,BRANCH PAY     CREDIT CARD PAYMENT,204.03,SAR,42.85,TRANSFER: CC Payment,Credit Card (SAR)
2025-12-25,BRANCH PAY     CREDIT CARD PAYMENT,10000.0,SAR,2100.0,TRANSFER: CC Payment,Credit Card (SAR)
2025-12-25,Apple INT. E-COMobimatter,-36.38,SAR,-7.64,PHONE: Mobile,Credit Card (SAR)
2025-12-25,Apple INT PURCH LHR T4SHOP0800077425,-675.32,SAR,-141.82,OTHER,Credit Card (SAR)
2025-12-25,LycaMobile,-4.5,GBP,-4.5,PHONE: Mobile,Revolut
2025-12-25,EasyJet,-50.75,GBP,-50.75,TRANSPORT: Flights,Revolut
2025-12-25,Apple INT PURCH BRERA,-62.54,SAR,-13.13,OTHER,Credit Card (SAR)
2025-12-25,EasyJet,-52.5,GBP,-52.5,TRANSPORT: Flights,Revolut
2025-12-25,Apple INT PURCH PRET A MANGER,-53.5,SAR,-11.23,FOOD: Restaurant,Credit Card (SAR)
2025-12-26,Apple LOCAL E-CJawwy from STC,-224.25,SAR,-47.09,PHONE: Mobile,Credit Card (SAR)
2025-12-28,Apple LOC PURCH Wakaf,-25.0,SAR,-5.25,CHARITY,Credit Card (SAR)
2025-12-28,INT. E-COMMERCE PAYPAL *SALIHELK03,-1112.81,SAR,-233.69,BUSINESS: Social Media,Credit Card (SAR)
2025-12-28,Apple LOCAL E-Cq-MLLE,-255.73,SAR,-53.7,OTHER,Credit Card (SAR)
2025-12-29,INT RET        Refund Globalblue.co,875.22,SAR,183.8,INCOME: Tax Refund,Credit Card (SAR)
2025-12-30,INT RET        Refund Globalblue.co,357.73,SAR,75.12,INCOME: Tax Refund,Credit Card (SAR)
2025-12-30,Apple,-8.99,GBP,-8.99,SUBSCRIPTION: Apple,Revolut
2025-12-31,Apple LOCAL E-CSPL,-33.69,SAR,-7.07,OTHER,Credit Card (SAR)
2026-01-01,BRANCH PAY     CREDIT CARD PAYMENT,2890.0,SAR,606.9,TRANSFER: CC Payment,Credit Card (SAR)
2026-01-01,Anthropic,-17.89,GBP,-17.89,BUSINESS: AI (Claude),Revolut
2026-01-01,Google Cloud,-343.56,GBP,-343.56,BUSINESS: Cloud,Revolut
2026-01-01,To pocket GBP 2 from GBP,-1000.0,GBP,-1000.0,TRANSFER: Internal,Revolut
2026-01-01,To pocket GBP 2 from GBP,1000.0,GBP,1000.0,TRANSFER: Internal,Revolut
2026-01-02,Apple LOC PURCH GIVE ME 5,-22.0,SAR,-4.62,OTHER,Credit Card (SAR)
2026-01-02,Apple LOC PURCH Health House Pharmac,-48.0,SAR,-10.08,OTHER,Credit Card (SAR)
2026-01-03,BRANCH PAY     CREDIT CARD PAYMENT,4.03,SAR,0.85,TRANSFER: CC Payment,Credit Card (SAR)
2026-01-03,Apple,-7.0,GBP,-7.0,SUBSCRIPTION: Apple,Revolut
2026-01-04,Apple INT. E-COUBR* PENDING.UBER.CO,-44.36,SAR,-9.32,TRANSPORT: Uber,Credit Card (SAR)
2026-01-04,Apple LOC PURCH DUNKIN DONUTS 10252,-14.0,SAR,-2.94,OTHER,Credit Card (SAR)
2026-01-04,Apple INT. E-COLIME*PASS,-17.99,SAR,-3.78,TRANSPORT: Lime,Credit Card (SAR)
2026-01-05,Apple LOC PURCH JARIR BOOK,-2099.0,SAR,-440.79,SHOPPING: Jarir,Credit Card (SAR)
2026-01-05,Apple,-4.99,GBP,-4.99,SUBSCRIPTION: Apple,Revolut
2026-01-06,Apple INT. E-COVERCEL MKT SUPABASE,-131.74,SAR,-27.67,BUSINESS: Developer,Credit Card (SAR)
2026-01-07,INT. E-COMMERCE PAYPAL *ISLAM_TITO14,-767.45,SAR,-161.16,BUSINESS: Social Media,Credit Card (SAR)
2026-01-07,INT. E-COMMERCE TWILIO INC,-575.59,SAR,-120.87,BUSINESS: Developer,Credit Card (SAR)
2026-01-07,Apple LOC PURCH HALF MILLION,-30.0,SAR,-6.3,OTHER,Credit Card (SAR)
2026-01-07,Apple LOCAL RET JARIR BOOK,2099.0,SAR,440.79,INCOME: Refund,Credit Card (SAR)
2026-01-09,INT. E-COMMERCE SP THE BOX CO.,-172.09,SAR,-36.14,BUSINESS: Storage,Credit Card (SAR)
2026-01-23,LycaMobile,-4.5,GBP,-4.5,PHONE: Mobile,Revolut
2026-01-25,Pocket Withdrawal,-60.0,GBP,-60.0,TRANSFER: Internal,Revolut
2026-01-25,Pocket Withdrawal,60.0,GBP,60.0,TRANSFER: Internal,Revolut
2026-01-25,Google One,-39.99,GBP,-39.99,SUBSCRIPTION: Google One,Revolut
2026-01-26,Apple,-10.99,GBP,-10.99,SUBSCRIPTION: Apple,Revolut
2026-01-26,Payment from SAUDI EDUCATIONAL,1285.75,GBP,1285.75,INCOME: Salary,Revolut
2026-01-26,Jawwy From Stc,-29.35,GBP,-29.35,PHONE: Mobile,Revolut
2026-01-27,Apple,-114.99,GBP,-114.99,SUBSCRIPTION: Apple,Revolut
2026-01-29,Exchanged to XAG,-1000.0,GBP,-1000.0,INVESTMENT: Silver,Revolut
2026-01-30,Apple,-2.99,GBP,-2.99,SUBSCRIPTION: Apple,Revolut
2026-01-30,Apple,-8.99,GBP,-8.99,SUBSCRIPTION: Apple,Revolut
2026-02-01,LUXURY SEASON FOR EXHII RIYADH,-19.0,SAR,-3.99,OTHER,Credit Card (SAR)
2026-02-01,Anthropic,-17.6,GBP,-17.6,BUSINESS: AI (Claude),Revolut
2026-02-01,UBR* PENDING.UBER.COM AMSTERDAM,-76.98,SAR,-16.17,TRANSPORT: Uber,Credit Card (SAR)
2026-02-01,UBR* PENDING.UBER.COM AMSTERDAM,-70.98,SAR,-14.91,TRANSPORT: Uber,Credit Card (SAR)
2026-02-02,Google Play,-18.37,GBP,-18.37,OTHER,Revolut
2026-02-02,Diriyah Gate Company L Riyadh,-150.0,SAR,-31.5,ENTERTAINMENT,Credit Card (SAR)
2026-02-02,q-Bateel Turaif PosistRiy adh,-262.0,SAR,-55.02,ENTERTAINMENT,Credit Card (SAR)
2026-02-02,DIRIYAH COMPANY RIYADH,-195.0,SAR,-40.95,ENTERTAINMENT,Credit Card (SAR)
2026-02-03,Sainsbury's,-19.3,GBP,-19.3,FOOD: Groceries,Revolut
2026-02-03,UBR *TRIP HELP.UBER.COM London,-74.29,SAR,-15.6,TRANSPORT: Uber,Credit Card (SAR)
2026-02-03,TFL TRAVEL CH TFL.GOV.UK/CP,-73.13,SAR,-15.36,TRANSPORT: Public,Credit Card (SAR)
2026-02-03,SP THE BOX CO. +,-419.92,SAR,-88.18,BUSINESS: Storage,Credit Card (SAR)
2026-02-03,CREDIT CARD PAYMENT,9830.73,SAR,2064.45,TRANSFER: CC Payment,Credit Card (SAR)
2026-02-03,SP THE BOX CO. LONDON,-175.29,SAR,-36.81,BUSINESS: Storage,Credit Card (SAR)
2026-02-03,ROOSTERS PIRI PIRI LONDON,-78.82,SAR,-16.55,OTHER,Credit Card (SAR)
2026-02-03,AMAZON* YRGQI LONDON,-141.99,SAR,-29.82,SHOPPING: Amazon,Credit Card (SAR)
2026-02-03,LycaMobile,-13.5,GBP,-13.5,PHONE: Mobile,Revolut
2026-02-04,LIME*PASS MILAN,-18.1,SAR,-3.8,TRANSPORT: Lime,Credit Card (SAR)
2026-02-04,AMAZON* PYXKLZ LONDON,-241.9,SAR,-50.8,SHOPPING: Amazon,Credit Card (SAR)
2026-02-04,AMAZON* NV LONDON,-111.17,SAR,-23.35,SHOPPING: Amazon,Credit Card (SAR)
2026-02-04,SP THE BOX CO. LONDON,-419.6,SAR,-88.12,BUSINESS: Storage,Credit Card (SAR)
2026-02-04,DELIVEROO LONDON,-591.01,SAR,-124.11,FOOD: Deliveroo,Credit Card (SAR)
2026-02-04,PAYPAL *RACHIDMOUMM,-115.12,SAR,-24.18,BUSINESS: Social Media,Credit Card (SAR)
2026-02-04,AMAZON* VEPK LONDON,-449.46,SAR,-94.39,SHOPPING: Amazon,Credit Card (SAR)
2026-02-04,Pocket Withdrawal,150.0,GBP,150.0,TRANSFER: Internal,Revolut
2026-02-04,DELIVEROO LONDON,-64.35,SAR,-13.51,FOOD: Deliveroo,Credit Card (SAR)
2026-02-04,DELIVEROO LONDON,-73.6,SAR,-15.46,FOOD: Deliveroo,Credit Card (SAR)
2026-02-04,Apple,-0.99,GBP,-0.99,SUBSCRIPTION: Apple,Revolut
2026-02-04,Pocket Withdrawal,-150.0,GBP,-150.0,TRANSFER: Internal,Revolut
2026-02-05,SAINSBURYS S/MKTS COVENTRY TRAI,-40.87,SAR,-8.58,FOOD: Groceries,Credit Card (SAR)
2026-02-05,TRAINLINE WWW.THETRAINL,-131.0,SAR,-27.51,TRANSPORT: Public,Credit Card (SAR)
2026-02-05,VILLAGE SHOP LONDON,-27.9,SAR,-5.86,OTHER,Credit Card (SAR)
2026-02-05,TFL TRAVEL CH TFL.GOV.UK/CP,-45.66,SAR,-9.59,TRANSPORT: Public,Credit Card (SAR)
2026-02-05,SQ *IT?S BAGELS LIMITED London,-115.97,SAR,-24.35,OTHER,Credit Card (SAR)
2026-02-06,TFL TRAVEL CH TFL.GOV.UK/CP,-15.17,SAR,-3.19,TRANSPORT: Public,Credit Card (SAR)
2026-02-06,STARBUCKS COVENTRY RAIL,-52.22,SAR,-10.97,FOOD: Restaurant,Credit Card (SAR)
2026-02-06,Mowchi Mile End London,-10.52,SAR,-2.21,OTHER,Credit Card (SAR)
2026-02-06,Fig and Walnut London,-417.96,SAR,-87.77,OTHER,Credit Card (SAR)
2026-02-06,UBR* PENDING.UBER.COM LONDON,-41.86,SAR,-8.79,TRANSPORT: Uber,Credit Card (SAR)
2026-02-06,UBR* PENDING.UBER.COM LONDON,-104.41,SAR,-21.93,TRANSPORT: Uber,Credit Card (SAR)
2026-02-06,NANDOS.CO.UK LONDON,-89.21,SAR,-18.73,FOOD: Restaurant,Credit Card (SAR)
2026-02-06,GROUND LONDON,-5.26,SAR,-1.1,OTHER,Credit Card (SAR)
2026-02-06,TRAINLINE WWW.THETRAINL,-136.18,SAR,-28.6,TRANSPORT: Public,Credit Card (SAR)
2026-02-07,OPENAI *CHATGPT SUBSCR OPENAI.COM CA,-100.23,SAR,-21.05,SUBSCRIPTION: OpenAI,Credit Card (SAR)
2026-02-07,AMAZON* ZFDM LONDON,-527.78,SAR,-110.83,SHOPPING: Amazon,Credit Card (SAR)
2026-02-07,Temu.com London,-39.09,SAR,-8.21,SHOPPING: Temu,Credit Card (SAR)
2026-02-07,AMZNMktplace*SAD amazon.co.uk ECN FA,-239.94,SAR,-50.39,SHOPPING: Amazon,Credit Card (SAR)
2026-02-07,Temu.com London,-76.09,SAR,-15.98,SHOPPING: Temu,Credit Card (SAR)
2026-02-07,Temu.com London,-232.84,SAR,-48.9,SHOPPING: Temu,Credit Card (SAR)
2026-02-08,BOLT.EU London,-83.96,SAR,-17.63,TRANSPORT: Bolt,Credit Card (SAR)
2026-02-08,MEHMET EFENDI London,-67.65,SAR,-14.21,OTHER,Credit Card (SAR)
2026-02-08,JAMON JAMON LONDON NW,-185.11,SAR,-38.87,OTHER,Credit Card (SAR)
2026-02-08,JUICE BOX LONDON,-83.66,SAR,-17.57,OTHER,Credit Card (SAR)
2026-02-08,AMAZON* VEPK LONDON,-432.79,SAR,-90.89,SHOPPING: Amazon,Credit Card (SAR)
2026-02-08,AMAZON* PYXKLZ LONDON,-135.82,SAR,-28.52,SHOPPING: Amazon,Credit Card (SAR)
2026-02-08,Temu.com London,-987.44,SAR,-207.36,SHOPPING: Temu,Credit Card (SAR)
2026-02-08,AMZNMktplace*VYIVH amazon.co.uk ECN FA,-338.81,SAR,-71.15,SHOPPING: Amazon,Credit Card (SAR)
2026-02-09,CO-OP GROUP FOOD LONDON,-42.62,SAR,-8.95,FOOD: Groceries,Credit Card (SAR)
2026-02-09,AMAZON* BJNCF LONDON,-94.02,SAR,-19.74,SHOPPING: Amazon,Credit Card (SAR)
2026-02-10,Apple,-2.99,GBP,-2.99,SUBSCRIPTION: Apple,Revolut
2026-02-11,SumUp *MATCHADO London,-57.87,SAR,-12.15,OTHER,Credit Card (SAR)
2026-02-11,CO-OP GROUP FOOD LONDON,-43.4,SAR,-9.11,FOOD: Groceries,Credit Card (SAR)
2026-02-11,TFL TRAVEL CH TFL.GOV.UK/CP,-15.28,SAR,-3.21,TRANSPORT: Public,Credit Card (SAR)
2026-02-11,TfL Travel Charge TFL.gov.uk/CP,-0.0,SAR,-0.0,TRANSPORT: Public,Credit Card (SAR)
2026-02-11,Moyses Stevens (St Pancra London,-210.43,SAR,-44.19,OTHER,Credit Card (SAR)
2026-02-11,Trainline.com London,-130.74,SAR,-27.46,TRANSPORT: Public,Credit Card (SAR)
2026-02-11,DELIVEROO LONDON,-75.28,SAR,-15.81,FOOD: Deliveroo,Credit Card (SAR)
2026-02-12,Uniqlo Battersea London,-131.04,SAR,-27.52,SHOPPING: Uniqlo,Credit Card (SAR)
2026-02-12,LS CHOOSING KEEPING LONDON,-226.31,SAR,-47.53,OTHER,Credit Card (SAR)
2026-02-12,JoeAndTheJuice_KingsRoad London,-114.47,SAR,-24.04,OTHER,Credit Card (SAR)
2026-02-12,Padium London,-13.13,SAR,-2.76,OTHER,Credit Card (SAR)
2026-02-12,CABVISION LONDON,-112.62,SAR,-23.65,TRANSPORT: Taxi,Credit Card (SAR)
2026-02-12,tashas London,-108.06,SAR,-22.69,OTHER,Credit Card (SAR)
2026-02-12,TAXI - CABVISION LONDON,-65.27,SAR,-13.71,TRANSPORT: Taxi,Credit Card (SAR)
2026-02-12,ZARA LON BATTERSEA LONDON,-641.93,SAR,-134.81,SHOPPING: Zara,Credit Card (SAR)
2026-02-12,HAMILTON TICKETS LONDON,-836.83,SAR,-175.73,ENTERTAINMENT,Credit Card (SAR)
2026-02-12,Aparto Ripamonti,1145.57,GBP,1145.57,INCOME: Deposit Refund,Revolut
2026-02-12,Padium London,-52.49,SAR,-11.02,OTHER,Credit Card (SAR)
2026-02-13,HARRODS LTD GBP,-1836.64,SAR,-385.69,GIFT: Luxury,Credit Card (SAR)
2026-02-13,UBER UK RIDES LONDON,-57.9,SAR,-12.16,TRANSPORT: Uber,Credit Card (SAR)
2026-02-13,HARRODS LTD GBP,-120.07,SAR,-25.21,GIFT: Luxury,Credit Card (SAR)
2026-02-13,DELIVEROO LONDON,-132.35,SAR,-27.79,FOOD: Deliveroo,Credit Card (SAR)
2026-02-13,BOLT.EU London,-101.12,SAR,-21.24,TRANSPORT: Bolt,Credit Card (SAR)
2026-02-13,PRET A MANGER LONDON,-32.81,SAR,-6.89,FOOD: Restaurant,Credit Card (SAR)
2026-02-13,UBER UK RIDES LONDON,-165.7,SAR,-34.8,TRANSPORT: Uber,Credit Card (SAR)
2026-02-13,Gmg Vending,-1.5,GBP,-1.5,FOOD: Vending/Campus,Revolut
2026-02-13,Railway,-3.68,GBP,-3.68,OTHER,Revolut
2026-02-13,LS Colicci St James Pa London,-73.49,SAR,-15.43,OTHER,Credit Card (SAR)
2026-02-14,Nanonoble Pte. Ltd.,-27.42,GBP,-27.42,OTHER,Revolut
2026-02-14,LIME*RIDE RF LONDON,-17.34,SAR,-3.64,TRANSPORT: Lime,Credit Card (SAR)
2026-02-14,Brave Browser,-0.74,GBP,-0.74,OTHER,Revolut
2026-02-15,DELIVEROO LONDON,-109.94,SAR,-23.09,FOOD: Deliveroo,Credit Card (SAR)
2026-02-15,CIRCUIT GO RIPPONDEN,-13.13,SAR,-2.76,OTHER,Credit Card (SAR)
2026-02-15,DELIVEROO LONDON,-232.5,SAR,-48.82,FOOD: Deliveroo,Credit Card (SAR)
2026-02-15,CIRCUIT GO RIPPONDEN,-19.92,SAR,-4.18,OTHER,Credit Card (SAR)
2026-02-16,QMUL CAFE GRAD LONDON,-13.64,SAR,-2.86,FOOD: Restaurant,Credit Card (SAR)
2026-02-16,DELIVEROO +,-124.63,SAR,-26.17,FOOD: Deliveroo,Credit Card (SAR)
2026-02-17,AMAZON.CO.UK,-70.7,SAR,-14.85,SHOPPING: Amazon,Credit Card (SAR)
2026-02-17,To pocket GBP 2 from GBP,1150.0,GBP,1150.0,TRANSFER: Internal,Revolut
2026-02-17,To pocket GBP 2 from GBP,-1150.0,GBP,-1150.0,TRANSFER: Internal,Revolut
